<?xml version="1.0" encoding="UTF-8"?>
<project-private xmlns="http://www.netbeans.org/ns/project-private/1">
    <editor-bookmarks xmlns="http://www.netbeans.org/ns/editor-bookmarks/2" lastBookmarkId="0"/>
    <open-files xmlns="http://www.netbeans.org/ns/projectui-open-files/2">
        <group>
            <file>file:/C:/Users/Joseph/Documents/NetBeansProjects/MyOnlineShop/web/index.html</file>
            <file>file:/C:/Users/Joseph/Documents/NetBeansProjects/MyOnlineShop/src/java/enterprise/web_jpa_war/entity/MyOnlineWatchShopFacade.java</file>
            <file>file:/C:/Users/Joseph/Documents/NetBeansProjects/MyOnlineShop/web/products.jsp</file>
            <file>file:/C:/Users/Joseph/Documents/NetBeansProjects/MyOnlineShop/src/java/enterprise/web_jpa_war/entity/AbstractFacade.java</file>
            <file>file:/C:/Users/Joseph/Documents/NetBeansProjects/MyOnlineShop/src/java/CreateProductServlet.java</file>
            <file>file:/C:/Users/Joseph/Documents/NetBeansProjects/MyOnlineShop/src/java/ListWatches.java</file>
            <file>file:/C:/Users/Joseph/Documents/NetBeansProjects/MyOnlineShop/src/java/enterprise/web_jpa_war/entity/MyOnlineWatchShop.java</file>
            <file>file:/C:/Users/Joseph/Documents/NetBeansProjects/MyOnlineShop/web/CreateProduct.jsp</file>
        </group>
    </open-files>
</project-private>
