<?xml version="1.0" encoding="UTF-8"?>
<project-private xmlns="http://www.netbeans.org/ns/project-private/1">
    <editor-bookmarks xmlns="http://www.netbeans.org/ns/editor-bookmarks/2" lastBookmarkId="0"/>
    <open-files xmlns="http://www.netbeans.org/ns/projectui-open-files/2">
        <group>
            <file>file:/C:/Users/Joseph/Documents/NetBeansProjects/Lab3_28-9-17/web/custView.jsp</file>
            <file>file:/C:/Users/Joseph/Documents/NetBeansProjects/Lab3_28-9-17/src/java/CustomerDAO.java</file>
            <file>file:/C:/Users/Joseph/Documents/NetBeansProjects/Lab3_28-9-17/src/java/Customer.java</file>
            <file>file:/C:/Users/Joseph/Documents/NetBeansProjects/Lab3_28-9-17/web/index.html</file>
            <file>file:/C:/Users/Joseph/Documents/NetBeansProjects/Lab3_28-9-17/src/java/getCustomers.java</file>
        </group>
    </open-files>
</project-private>
