<?xml version="1.0" encoding="UTF-8"?>
<project-private xmlns="http://www.netbeans.org/ns/project-private/1">
    <editor-bookmarks xmlns="http://www.netbeans.org/ns/editor-bookmarks/2" lastBookmarkId="0"/>
    <open-files xmlns="http://www.netbeans.org/ns/projectui-open-files/2">
        <group>
            <file>file:/C:/Users/Joseph/Documents/NetBeansProjects/Lab2_21-9-17_jsp/web/display.jsp</file>
            <file>file:/C:/Users/Joseph/Documents/NetBeansProjects/Lab2_21-9-17_jsp/web/index.jsp</file>
            <file>file:/C:/Users/Joseph/Documents/NetBeansProjects/Lab2_21-9-17_jsp/src/java/addUser.java</file>
            <file>file:/C:/Users/Joseph/Documents/NetBeansProjects/Lab2_21-9-17_jsp/web/addUser.html</file>
            <file>file:/C:/Users/Joseph/Documents/NetBeansProjects/Lab2_21-9-17_jsp/src/java/DistributionServlet.java</file>
        </group>
    </open-files>
</project-private>
